name,method,port,path,query,request headers,request body,status code,response headers,response body
Health check,GET,8081,/health,,,,200,Content-Type: application/json,"{""status"":""ok""}"
Create customer,POST,8081,/customers,notify=true,"Content-Type: application/json
X-Demo-User: alice
Authorization: Bearer 12345","{""name"":""Alice""}",201,"Content-Type: application/json
Location: /customers/123","{""id"":123,""name"":""Alice""}"
Find customer,GET,8081,/customers/123,,Accept: application/json,,200,Content-Type: application/json,"{""id"":123,""name"":""Alice""}"
Create document,POST,8081,/documents,,"Content-Type: application/json
Authorization: Bearer 12345","{
  ""schemaVersion"": ""4.0.0"",
  ""data"": {
    ""source"": {
      ""actionType"": ""new"",
      ""currentTraOwner"": 1050,
      ""madeDate"": ""2025-01-01"",
      ""comingIntoForceDate"": ""2025-01-01"",
      ""provision"": [
        {
          ""actionType"": ""new"",
          ""comingIntoForceDate"": ""2025-01-01"",
          ""orderReportingPoint"": ""permanentNoticeOfMaking"",
          ""provisionDescription"": ""Schedule 1: No Waiting Monday to Saturday, 8am to 6pm"",
          ""reference"": ""A3448229-1DFA-48CD-A785-376ACB9F7C56"",
          ""regulatedPlace"": [
            {
              ""description"": ""West side, Market Street, Draycott"",
              ""concession"": false,
              ""assignment"": false,
              ""tramcar"": false,
              ""busRoute"": false,
              ""bywayType"": ""road"",
              ""type"": ""regulationLocation"",
              ""linearGeometry"": {
                ""direction"": ""bidirectional"",
                ""externalReference"": [
                  {
                    ""lastUpdateDate"": ""2024-10-01T08:00:00"",
                    ""uniqueStreetReferenceNumber"": [
                      {
                        ""usrn"": 14000759
                      }
                    ]
                  }
                ],
                ""lateralPosition"": ""onKerb"",
                ""linestring"": ""SRID=27700;LINESTRING(444284 333253, 444284 333253)"",
                ""representation"": ""linear"",
                ""version"": 1
              }
            }
          ],
          ""regulation"": {
            ""condition"": {
              ""timeValidity"": {
                ""start"": ""2024-08-01T08:00:00"",
                ""isPlaceholderTro"": false,
                ""validPeriod"": [
                  {
                    ""recurringDayWeekMonthPeriod"": [
                      {
                        ""applicableDay"": [
                          ""friday"",
                          ""monday"",
                          ""saturday"",
                          ""thursday"",
                          ""tuesday"",
                          ""wednesday""
                        ]
                      }
                    ],
                    ""recurringTimePeriodOfDay"": [
                      {
                        ""endTimeOfPeriod"": ""18:00:00"",
                        ""startTimeOfPeriod"": ""08:00:00""
                      }
                    ]
                  }
                ]
              }
            },
            ""generalRegulation"": {
              ""regulationType"": ""kerbsideLimitedWaiting""
            },
            ""isDynamic"": false,
            ""timeZone"": ""Europe/London""
          }
        }
      ],
      ""reference"": ""B2787FE2-AD74-432A-BB32-76FDB065F3E8"",
      ""section"": ""Schedule 1"",
      ""traAffected"": [
        1050
      ],
      ""traCreator"": 1050,
      ""troName"": ""DfT Example - Oct. 2024 - partial extract of THE DERBYSHIRE COUNTY COUNCIL (MARKET STREET AND TOWN END ROAD, DRAYCOTT) (RESTRICTION AND LIMITED WAITING) TRAFFIC REGULATION ORDER 2024 (DfT mockup, v2)"",
      ""statementDescription"": ""Some description""
    }
  }
}",201,Content-Type: application/json,"{
  ""status"": ""live"",  
  ""schemaVersion"": ""4.0.0"",
  ""data"": {
    ""source"": {
      ""actionType"": ""new"",
      ""currentTraOwner"": 1050,
      ""madeDate"": ""2025-01-01"",
      ""comingIntoForceDate"": ""2025-01-01"",
      ""provision"": [
        {
          ""actionType"": ""new"",
          ""comingIntoForceDate"": ""2025-01-01"",
          ""orderReportingPoint"": ""permanentNoticeOfMaking"",
          ""provisionDescription"": ""Schedule 1: No Waiting Monday to Saturday, 8am to 6pm"",
          ""reference"": ""A3448229-1DFA-48CD-A785-376ACB9F7C56"",
          ""regulatedPlace"": [
            {
              ""description"": ""West side, Market Street, Draycott"",
              ""concession"": false,
              ""assignment"": false,
              ""tramcar"": false,
              ""busRoute"": false,
              ""bywayType"": ""road"",
              ""type"": ""regulationLocation"",
              ""linearGeometry"": {
                ""direction"": ""bidirectional"",
                ""externalReference"": [
                  {
                    ""lastUpdateDate"": ""2024-10-01T08:00:00"",
                    ""uniqueStreetReferenceNumber"": [
                      {
                        ""usrn"": 14000759
                      }
                    ]
                  }
                ],
                ""lateralPosition"": ""onKerb"",
                ""linestring"": ""SRID=27700;LINESTRING(444284 333253, 444284 333253)"",
                ""representation"": ""linear"",
                ""version"": 1
              }
            }
          ],
          ""regulation"": {
            ""condition"": {
              ""timeValidity"": {
                ""start"": ""2024-08-01T08:00:00"",
                ""isPlaceholderTro"": false,
                ""validPeriod"": [
                  {
                    ""recurringDayWeekMonthPeriod"": [
                      {
                        ""applicableDay"": [
                          ""friday"",
                          ""monday"",
                          ""saturday"",
                          ""thursday"",
                          ""tuesday"",
                          ""wednesday""
                        ]
                      }
                    ],
                    ""recurringTimePeriodOfDay"": [
                      {
                        ""endTimeOfPeriod"": ""18:00:00"",
                        ""startTimeOfPeriod"": ""08:00:00""
                      }
                    ]
                  }
                ]
              }
            },
            ""generalRegulation"": {
              ""regulationType"": ""kerbsideLimitedWaiting""
            },
            ""isDynamic"": false,
            ""timeZone"": ""Europe/London""
          }
        }
      ],
      ""reference"": ""B2787FE2-AD74-432A-BB32-76FDB065F3E8"",
      ""section"": ""Schedule 1"",
      ""traAffected"": [
        1050
      ],
      ""traCreator"": 1050,
      ""troName"": ""DfT Example - Oct. 2024 - partial extract of THE DERBYSHIRE COUNTY COUNCIL (MARKET STREET AND TOWN END ROAD, DRAYCOTT) (RESTRICTION AND LIMITED WAITING) TRAFFIC REGULATION ORDER 2024 (DfT mockup, v2)"",
      ""statementDescription"": ""Some description""
    }
  }
}"